technology,parameter,year,value,unit,currency_year,source,further_description
CO2 storage cylinders,investment,2025,77000,EUR/tCO2,2020,"Aarhus University BCE estimate"
CO2 storage cylinders,FOM,2025,1,%/year,202,"Aarhus University BCE estimate"
CO2 storage cylinders,lifetime,2025,25,years,2020,"Aarhus University BCE estimate"
CO2 industrial compressor,investment,2025,1516000,EUR/t/h_CO2,2020,"Aarhus University BCE estimate"
CO2 industrial compressor,FOM,2025,4,%/year,2020,"Aarhus University BCE estimate"
CO2 industrial compressor,lifetime,2025,15,years,2020,"Aarhus University BCE estimate"
biogas storage,investment,2025,16750,EUR/MWh_biogas,2020,"Aarhus University BCE estimate"
biogas storage,FOM,2020,0.2,%/year,2025,"Aarhus University BCE estimate"
biogas storage,lifetime,2020,15,years,2025,"Aarhus University BCE estimate"
centrifugal dewatering,investment,2025,130000,EUR/t/h fibers,2020,"https://doi.org/10.3390/agronomy11050836"
centrifugal dewatering,FOM,2020,3.5,%/year,2025,"https://doi.org/10.3390/agronomy11050836"
centrifugal dewatering,lifetime,2020,20,years,2025," https://doi.org/10.3390/su16135461"
centrifugal dewatering,electricity-input,2020,0.005,MWh/tDM_in,2025,"calc from : https://doi.org/10.3390/su16135461"
centrifugal dewatering,DM separation,2020,0.509,kg_out/kg_in,2025,"https://dcapub.au.dk/djfpublikation/djfpdf/DCArapport208.pdf"
centrifugal dewatering,DM out,2020,0.45,kgDM/kgtot,2025,"https://dcapub.au.dk/djfpublikation/djfpdf/DCArapport208.pdf"
biomass belt dryer,heat-input,2025,1,MWh/t_H2O removed,2020,"DOI: 10.1080/07373937.2018.1492615"
biomass belt dryer,electricity-input,2025,0.025,MWh/t_H2O removed,2020,"DOI: 10.1080/07373937.2018.1492615"
biomass belt dryer,FOM,2025,3,%/year,2020,"DOI: 10.1080/07373937.2018.1492615"
biomass belt dryer,lifetime,2025,20,years,2020,"DOI: 10.1080/07373937.2018.1492615"
pelletization,investment,2025,0,EUR/MW_pellets,2020,"Own assumption: find better"
pelletization,FOM,2020,3,%/year,2025,"Own assumption: find better"
pelletization,lifetime,2020,15,years,2025,"Own assumption: find better"
pelletization,electricity-input,2020,0.1,MW_e/MW_pellets,2025,"Own assumption: find better"
DH heat exchanger,investment,2025,140.162,EUR/MW,2020,"DEA Technology data for transport of energy","Heat exchanged for DH transmission, sheet 113_11. constant for all years"
DH heat exchanger,FOM,2020,0.1,%/year,2025,"DEA Technology data for transport of energy","Heat exchanged for DH transmission, sheet 113_11. constant for all years"
DH heat exchanger,lifetime,2020,35,years,2025,"DEA Technology data for transport of energy","Heat exchanged for DH transmission, sheet 113_11. constant for all years"
DH heat exchanger,efficiency,2020,0.95, - ,2025,"DEA Technology data for transport of energy","Heat exchanged for DH transmission, sheet 113_11. constant for all years"
PWH pipe,investment,2025,63000,EUR/MW/km,2020,"DEA Technology data for transport of energy","Heat exchanged for DH transmission, sheet 113_11. constant for all years"
PWH pipe,FOM,2020,0.1,%/year,2025,"DEA Technology data for transport of energy","Heat exchanged for DH transmission, sheet 113_11. constant for all years"
PWH pipe,lifetime,2020,45,years,2025,"DEA Technology data for transport of energy","Heat exchanged for DH transmission, sheet 113_11. constant for all years"
CO2 gas pipe,investment,2025,130000,EUR/(t/h)/km,2020,"DEA Technology Data for Carbon Capture, Transport and Storage","sheet 421 co2 pipeline. constant for all years"
CO2 gas pipe,FOM,2020,0.1,%/year,2025,"DEA Technology Data for Carbon Capture, Transport and Storage","sheet 421 co2 pipeline. constant for all years"
CO2 gas pipe,lifetime,2020,50,years,2025,"DEA Technology Data for Carbon Capture, Transport and Storage","sheet 421 co2 pipeline. constant for all years"
H2 pipe,investment,2025,38000,EUR/MW/km,2020,"DEA Technology data for transport of energy","sheet H70. 70 bar pipeline"
H2 pipe,FOM,2020,0.1,%/year,2025,"DEA Technology data for transport of energy","sheet H70. 70 bar pipeline"
H2 pipe,lifetime,2020,30,years,2025,"DEA Technology data for transport of energy","sheet H70. 70 bar pipeline"
CO2 storage tank small,investment,2025,3800,EUR/t_CO2,2024,DEA technology data for carbon capture and storage V.3,"412 intermediate storage of CO2 - for biogas plants."
CO2 storage tank small,FOM,2025,3,%/year,2024,DEA technology data for carbon capture and storage V.3,"412 intermediate storage of CO2 - for biogas plants."
CO2 storage tank small,lifetime,2025,25,years,2024,DEA technology data for carbon capture and storage V.3,"412 intermediate storage of CO2 - for biogas plants."
CO2 liquefaction small,investment,2025,665000 ,EUR/t_CO2/h,2024,DEA technology data for carbon capture and storage V.3,"411 liquefaction - for biogas plants."
CO2 liquefaction small,FOM,2025,4,%/year,2024,DEA technology data for carbon capture and storage V.3,"411 liquefaction - for biogas plants."
CO2 liquefaction small,lifetime,2025,20,years,2024,DEA technology data for carbon capture and storage V.3,"411 liquefaction - for biogas plants."
CO2 liquefaction small,CO2-input,2025,1,t_CO2/t_CO2,-,DEA technology data for carbon capture and storage V.3,"411 liquefaction - for biogas plants."
CO2 liquefaction small,heat-output,2025,0.250,MWh_th/t_CO2,-,DEA technology data for carbon capture and storage V.3,"411 liquefaction - for biogas plants."
CO2 liquefaction small,electricity-input,2025,0.185,MWh_el/t_CO2,-,DEA technology data for carbon capture and storage V.3,"411 liquefaction - for biogas plants - storage at 16 bara and -27C, including pumping into storage tanks."
NG grid connection,investment,2025,1450,EUR/MW,2025,"https://evida.dk/tarifblad010125/","EVIDA.DK"
NG grid connection,FOM,2020,0.2,%/year,2025,"https://evida.dk/tarifblad010125/","EVIDA.DK"
NG grid connection,lifetime,2020,40,years,2025,"Own assumption",""
methanolisation,heat-input,2025,0.104693141,MWh_th/MWh_MeOH,-,DEA technology data for Renewable fuels,""
ethanol from wheat,efficiency,2025,0.295,t_ethanol/t_wheat,-,"JRC Technical Report doi:10.2760/69179 Table 93","assuming LHV ethanol 7.447 MWh/t and wheat grain moisture 13.5% (Eurostat standard humidity 14%)"
ethanol from sugar beet,efficiency,2025,0.07777,t_ethanol/t_sugarbeet,-,"JRC Technical Report doi:10.2760/69179 Table 133","assuming LHV ethanol 7.447 MWh/t and sugar content 16% (Eurostat standard: fresh beet)"
biodiesel from rapeseed,efficiency,2025,0.4176,t_biodiesel/t_rapeseed,-,"JRC Technical Report doi:10.2760/69179 Tables 155+159","calculated as: t_crude_oil/t_rapeseed 9% moisture (Eurostat standard humidity 9%) x crude-to-FAME (1/1.0063)"
methanol storage,investment,2025,637.8,EUR/MWh_MeOH,2015,"Methanol Magic LLC, ""Methanol Plant Feasibility Study"", ChE473k, University of Texas at Austin, Spring 2015 -- Supplementary Table A12 (storage tanks TK-3501/2/3) and Table 4 (Chilton method factors). Student design report, not peer reviewed.","Installed cost per MWh of CRUDE methanol (64.5 wt% MeOH, 35 wt% water) in USABLE volume. Table A12 per tank: 80609 cuft = 2282.6 m3, bare 825100 USD = 361.5 USD/m3. x4.952 Chilton fixed-capital factor (Table 4: 1.43 x (1+0.40+0.07+0.15+0.50+0.10) x (1+0.35+0.20+0.01)) = 1790 USD/m3 installed; /0.83 fluid volume = 2157 USD/m3 usable; /3.045 MWh_MeOH per m3 of crude (methanol 791.0 kg/m3, water 998.2 kg/m3, LHV 19.9 GJ/t, ideal mixing) = 708 USD/MWh; x0.9009 ECB USD-EUR mid-2015 = 637.8 EUR/MWh in 2015 EUR. Interpretation of Table A12 cross-checks: tank geometry pi/4 x 61ft^2 x 28ft = 2317 m3 confirms the capacity is per tank (1.5%); and 3 tanks x 2282.6 x 0.83 = 5684 m3 against 3 holding days of the plant output 165811670 gal/yr over 330 day/yr = 5706 m3 confirms both the 83% fill and that the 3 holding days are the total across all three tanks (99.6%). UPPER BOUND: the source tank is SS316-clad, dearer than a plain carbon-steel atmospheric tank. Design guidance (no costs) in Methanol Institute, Atmospheric Above Ground Tank Storage of Methanol: carbon steel with stainless cladding, and methanol is hygroscopic so the free-board needs dry-nitrogen padding."
methanol storage,lifetime,2025,30,years,,"Assumption: matched to the methanol plant technical lifetime, DEA sheet 98 Methanol from hydrogen. Atmospheric steel tanks are typically 25-40 years.",""
methanol storage,FOM,2025,2,%/year,,"Assumption -- no source found. Tanks are low maintenance; 2%/year of investment is a common order of magnitude.",""
